workflow,domain,n_runs,delta_pvs_theta_vs_nominal_n,delta_pvs_theta_vs_nominal_median,delta_pvs_theta_vs_nominal_q1,delta_pvs_theta_vs_nominal_q3,delta_pvs_theta_vs_nominal_minimum,delta_pvs_theta_vs_nominal_maximum,delta_pvs_pred_vs_nominal_n,delta_pvs_pred_vs_nominal_median,delta_pvs_pred_vs_nominal_q1,delta_pvs_pred_vs_nominal_q3,delta_pvs_pred_vs_nominal_minimum,delta_pvs_pred_vs_nominal_maximum,delta_pvs_joint_vs_nominal_n,delta_pvs_joint_vs_nominal_median,delta_pvs_joint_vs_nominal_q1,delta_pvs_joint_vs_nominal_q3,delta_pvs_joint_vs_nominal_minimum,delta_pvs_joint_vs_nominal_maximum
area,broad,150,150,0.14337499999999997,0.10470833333333338,0.21127083333333332,0.026833333333333376,0.42441666666666666,150,0.07481452546296297,0.057908709490740756,0.09646636284722224,0.032835069444444476,0.18751128472222223,150,0.2081368634259259,0.15872858796296296,0.27086385995370377,0.07437499999999997,0.48447366898148153
area,narrow,150,150,-0.21837500000000004,-0.25902083333333337,-0.15983333333333338,-0.50075,-0.05408333333333337,150,-0.06699103009259261,-0.07590234375000002,-0.05744357638888886,-0.09343750000000006,-0.03476533564814821,150,-0.22906510416666667,-0.2574905237268519,-0.1920973668981482,-0.45223234953703706,-0.09744994212962965
area,nominal,150,150,0.0,0.0,0.0,0.0,0.0,150,0.0,0.0,0.0,0.0,0.0,150,0.0,0.0,0.0,0.0,0.0
mass,broad,150,0,,,,,,150,0.04902039930555552,0.048095413773148105,0.05056300636574071,0.04696209490740744,0.0568891782407408,0,,,,,
mass,narrow,150,0,,,,,,150,-0.021442129629629658,-0.022222366898148105,-0.020984736689814848,-0.025213831018518484,-0.0202068865740741,0,,,,,
mass,nominal,150,0,,,,,,150,0.0,0.0,0.0,0.0,0.0,0,,,,,
