workflow,domain,n_runs,pvs_theta_median,pvs_theta_q1,pvs_theta_q3,pvs_pred_median,pvs_pred_q1,pvs_pred_q3,pvs_joint_median,pvs_joint_q1,pvs_joint_q3
area,broad,150,0.9670833333333332,0.9498541666666668,0.9802916666666668,0.9806958912037036,0.9735522280092592,0.9849116030092592,0.9489131944444444,0.9277717737268518,0.9616107494212964
area,narrow,150,0.59275,0.4805833333333333,0.7072916666666667,0.8361085069444445,0.8005509259259259,0.8691830150462962,0.4877734375,0.3860297309027777,0.6145798611111111
area,nominal,150,0.8227083333333334,0.7392916666666667,0.8736666666666667,0.90687890625,0.8782915219907408,0.9276735387731482,0.7431929976851852,0.6522156394675926,0.8047156394675925
mass,broad,150,,,,0.8224756944444445,0.8158593026620371,0.8300682870370371,,,
mass,narrow,150,,,,0.7523245081018518,0.7450611255787036,0.7583935185185184,,,
mass,nominal,150,,,,0.7735533854166667,0.7665296585648148,0.780363498263889,,,
