workflow,domain,y_min,y_max,n_runs,pvs_theta_n,pvs_theta_median,pvs_theta_q1,pvs_theta_q3,pvs_theta_minimum,pvs_theta_maximum,pvs_pred_n,pvs_pred_median,pvs_pred_q1,pvs_pred_q3,pvs_pred_minimum,pvs_pred_maximum,pvs_joint_n,pvs_joint_median,pvs_joint_q1,pvs_joint_q3,pvs_joint_minimum,pvs_joint_maximum
area,broad,-0.05,1.05,150,150,0.9670833333333333,0.9498541666666667,0.9802916666666667,0.8811666666666667,0.9968333333333333,150,0.9806958912037037,0.9735522280092592,0.9849116030092593,0.931765625,0.9935963541666667,150,0.9489131944444444,0.9277717737268518,0.9616107494212963,0.8396154513888889,0.9854357638888889
area,narrow,0.02,0.98,150,150,0.59275,0.4805833333333333,0.7072916666666667,0.22575,0.9016666666666666,150,0.8361085069444445,0.8005509259259259,0.8691830150462962,0.6604322916666666,0.9208712384259259,150,0.4877734375,0.38602973090277776,0.6145798611111111,0.1511495949074074,0.8110888310185185
area,nominal,0.0,1.0,150,150,0.8227083333333334,0.7392916666666667,0.8736666666666667,0.4766666666666667,0.9689166666666666,150,0.90687890625,0.8782915219907408,0.9276735387731482,0.7442543402777778,0.9582222222222222,150,0.7431929976851852,0.6522156394675926,0.8047156394675925,0.3551417824074074,0.9085387731481481
mass,broad,-0.05,1.05,150,0,,,,,,150,0.8224756944444445,0.8158593026620371,0.8300682870370371,0.7842213541666667,0.8499482060185185,0,,,,,
mass,narrow,0.02,0.98,150,0,,,,,,150,0.7523245081018518,0.7450611255787036,0.7583935185185184,0.7162740162037037,0.7811082175925926,0,,,,,
mass,nominal,0.0,1.0,150,0,,,,,,150,0.7735533854166667,0.7665296585648148,0.780363498263889,0.7364809027777778,0.8023012152777778,0,,,,,
