prior_mode,n_runs,delta_rmse_vs_nominal_median,delta_rmse_vs_nominal_q1,delta_rmse_vs_nominal_q3,delta_mae_vs_nominal_median,delta_mae_vs_nominal_q1,delta_mae_vs_nominal_q3,delta_ppc_coverage_vs_nominal_median,delta_ppc_coverage_vs_nominal_q1,delta_ppc_coverage_vs_nominal_q3,delta_pvs_theta_vs_nominal_median,delta_pvs_theta_vs_nominal_q1,delta_pvs_theta_vs_nominal_q3,delta_pvs_pred_vs_nominal_median,delta_pvs_pred_vs_nominal_q1,delta_pvs_pred_vs_nominal_q3,delta_pvs_joint_vs_nominal_median,delta_pvs_joint_vs_nominal_q1,delta_pvs_joint_vs_nominal_q3
broad,20,-6.562625520983856e-06,-2.3847312908447868e-05,8.352272576471476e-06,2.5137337968973716e-06,-1.5686956998666943e-05,1.925337864898749e-05,0.0,0.0,0.0,0.00237499999999995,-0.004395833333333225,0.00645833333333325,-0.00015190972222224998,-0.000313440393518475,-5.425347222198784e-06,0.00153211805555555,-0.00409129050925915,0.005727792245370275
mildly_misspecified,20,-1.1787101803859695e-05,-3.348797534624692e-05,1.5092068089792021e-05,1.7394219004613493e-05,2.996545185348157e-06,2.4663029524248786e-05,0.0,-0.00086805555555555,0.00086805555555555,-0.00224999999999995,-0.0073333333333333,0.0036041666666666,-0.00030164930555555,-0.0003794849537038,-0.0001116898148147962,-0.0019806134259259,-0.0068698640046296255,0.0029897280092593
narrow,20,3.0290013843040087e-06,-4.705807723928354e-05,2.7579616502515503e-05,5.455097741198511e-06,-2.170556744851386e-05,4.3395500525376246e-05,0.0,-0.00086805555555555,0.0,0.0047499999999999,0.0014583333333333,0.008520833333333325,0.0006355613425926001,0.00028472222222214997,0.000838107638888875,0.00465552662037035,0.001400028935185125,0.008010199652777775
